{"cameraMode":{"drawMode":0,"name":"Shaded","section":"Shading Mode"},"sceneLighting":false,"audioPlay":false,"sceneViewState":{"showFog":true,"showMaterialUpdate":false,"showSkybox":true,"showFlares":true,"showImageEffects":true,"showParticleSystems":true},"in2DMode":false,"pivot":{"x":-11.630477905273438,"y":-270.8651123046875,"z":44.91761779785156},"rotation":{"x":-0.013426000252366066,"y":0.6015905737876892,"z":-0.010113540105521679,"w":-0.7986277341842651},"size":22.0,"orthographic":false}