{"cameraMode":{"drawMode":0,"name":"Shaded","section":"Shading Mode"},"sceneLighting":true,"audioPlay":false,"sceneViewState":{"showFog":true,"showMaterialUpdate":false,"showSkybox":true,"showFlares":true,"showImageEffects":true,"showParticleSystems":true},"in2DMode":false,"pivot":{"x":363.84454345703127,"y":222.49148559570313,"z":-633.953369140625},"rotation":{"x":0.09451878815889359,"y":-0.7889965176582336,"z":0.12555590271949769,"w":0.5939582586288452},"size":81.3037338256836,"orthographic":false}