{"cameraMode":{"drawMode":0,"name":"Shaded","section":"Shading Mode"},"sceneLighting":false,"audioPlay":false,"sceneViewState":{"showFog":true,"showMaterialUpdate":false,"showSkybox":true,"showFlares":true,"showImageEffects":true,"showParticleSystems":true},"in2DMode":false,"pivot":{"x":-3.299912452697754,"y":-2.4776482582092287,"z":-8.075145721435547},"rotation":{"x":-0.001699321437627077,"y":0.9977850914001465,"z":-0.06024961546063423,"w":-0.02814437635242939},"size":3.6270370483398439,"orthographic":false}