{"cameraMode":{"drawMode":0,"name":"Shaded","section":"Shading Mode"},"sceneLighting":false,"audioPlay":false,"sceneViewState":{"showFog":true,"showMaterialUpdate":false,"showSkybox":true,"showFlares":true,"showImageEffects":true,"showParticleSystems":true},"in2DMode":false,"pivot":{"x":-1.8569508790969849,"y":-5.64100980758667,"z":-10.017858505249024},"rotation":{"x":-0.025807984173297883,"y":0.0005968433688394725,"z":-0.000015261586668202654,"w":-0.9996667504310608},"size":5.385085105895996,"orthographic":false}