{"cameraMode":{"drawMode":0,"name":"Shaded","section":"Shading Mode"},"sceneLighting":false,"audioPlay":false,"sceneViewState":{"showFog":true,"showMaterialUpdate":false,"showSkybox":true,"showFlares":true,"showImageEffects":true,"showParticleSystems":true},"in2DMode":false,"pivot":{"x":-273.6365051269531,"y":219.78155517578126,"z":-154.01806640625},"rotation":{"x":-0.033285945653915408,"y":0.03357207402586937,"z":-0.0011185838375240565,"w":-0.9988812804222107},"size":907.2135009765625,"orthographic":false}