{"cameraMode":{"drawMode":0,"name":"Shaded","section":"Shading Mode"},"sceneLighting":false,"audioPlay":false,"sceneViewState":{"showFog":true,"showMaterialUpdate":false,"showSkybox":true,"showFlares":true,"showImageEffects":true,"showParticleSystems":true},"in2DMode":false,"pivot":{"x":385.1398620605469,"y":428.517822265625,"z":157.88818359375},"rotation":{"x":-0.028791528195142747,"y":0.03357671946287155,"z":-0.0009674516040831804,"w":-0.9990209341049194},"size":1196.1163330078125,"orthographic":false}