{"cameraMode":{"drawMode":0,"name":"Shaded","section":"Shading Mode"},"sceneLighting":false,"audioPlay":false,"sceneViewState":{"showFog":true,"showMaterialUpdate":false,"showSkybox":true,"showFlares":true,"showImageEffects":true,"showParticleSystems":true},"in2DMode":false,"pivot":{"x":-6.4777069091796879,"y":-68.19359588623047,"z":-7.8933258056640629},"rotation":{"x":-0.1140228807926178,"y":0.02592378295958042,"z":-0.0029762452468276026,"w":-0.9931354522705078},"size":115.114990234375,"orthographic":false}